<?xml version="1.0" encoding="UTF-8"?>
<!DOCTYPE log4j:configuration SYSTEM "log4j.dtd">
<log4j:configuration xmlns:log4j="http://jakarta.apache.org/log4j/">

	<!-- Appenders -->
	<appender name="console" class="org.apache.log4j.ConsoleAppender">
		<param name="Target" value="System.out" />
		<layout class="org.apache.log4j.PatternLayout">
			<param name="ConversionPattern"
				value="[%d{dd.MM.yyyy HH:mm:ss}][%t] %p: %c{1}.%M() - %m%n" />
		</layout>
	</appender>
	<appender name="file" class="org.apache.log4j.RollingFileAppender">
		<param name="file"
			value="${catalina.base}/logs/invoice-collection-sap/invoice-collection-sap.log" />
		<param name="MaxFileSize" value="500KB" />
		<!-- Keep one backup file -->
		<param name="MaxBackupIndex" value="3" />
		<layout class="org.apache.log4j.PatternLayout">
			<param name="ConversionPattern"
				value="[%d{dd.MM.yyyy HH:mm:ss}][%t] %p: %c{1}.%M() - %m%n" />
		</layout>
	</appender>

	<!-- Loggers -->
	<logger name="org.springframework.integration">
		<level value="info" />
	</logger>

	<logger name="com.emc.it.eis">
		<level value="info" />
	</logger>


	<!-- Root Logger -->
	<root>
		<priority value="info" />
		<appender-ref ref="console" />
	</root>

</log4j:configuration>
